Iterations,Generation,Generation Average Fitness,Generation Best Fitness,Generation Worst Fitness,Population Size,Population Best Fitness
60,1,12959,27410,1935,60,15
70,2,11130,23735,1935,70,15
80,3,12669,21750,985,80,15
89,4,10556,17935,3885,89,15
97,5,10124,19760,1285,97,15
105,6,9777,17835,2235,105,15
114,7,7979,11560,2060,114,15
123,8,7158,14035,2935,123,15
132,9,7736,14135,2735,132,15
138,10,7543,15560,1510,138,15
145,11,8463,12160,4060,145,15
149,12,7923,15345,410,149,15
156,13,6912,14135,2460,156,15
160,14,5387,13735,1860,160,15
165,15,5842,9510,35,165,15
168,16,6150,10335,985,168,15
174,17,6212,12160,635,174,15
178,18,5927,15435,910,178,15
180,19,5675,12160,910,180,15
186,20,5417,10335,1935,186,15
189,21,5577,11560,635,189,15
194,22,5872,10335,2810,194,15
195,23,4762,8510,635,195,15
200,24,6787,12160,110,200,15
202,25,5197,12160,985,202,15
205,26,5397,10110,2060,205,15
207,27,4487,7535,985,207,15
207,28,5985,12160,1860,207,15
208,29,6597,12160,910,208,15
210,30,5077,10335,110,210,15
212,31,5027,11760,235,212,15
213,32,5180,10335,2460,213,15
215,33,3822,8510,110,215,15
215,34,4720,12160,1510,215,15
215,35,4695,12160,635,215,15
217,36,4275,12160,635,217,15
217,37,4807,8285,1860,217,15
217,38,5260,9935,1860,217,15
219,39,5010,11935,635,219,15
219,40,5172,9935,2460,219,15
219,41,3707,7310,635,219,15
219,42,4640,9810,1935,219,15
220,43,4985,10110,635,220,15
220,44,4242,9935,1510,220,15
220,45,4470,10335,635,220,15
220,46,3807,10335,635,220,15
220,47,5745,12160,2460,220,15
220,48,4077,11935,35,220,15
221,49,4800,10335,635,221,15
221,50,4617,9935,1285,221,15
221,51,4712,10335,1935,221,15
221,52,3677,9935,1110,221,15
221,53,5055,10335,910,221,15
221,54,5017,10335,1510,221,15
221,55,5355,10335,235,221,15
221,56,5727,10335,3110,221,15
221,57,4695,11560,635,221,15
221,58,4975,10335,1860,221,15
221,59,4225,11760,910,221,15
221,60,5000,11935,110,221,15
221,61,4430,8110,635,221,15
221,62,4240,8110,635,221,15
222,63,4910,12160,1935,222,15
222,64,5087,11635,410,222,15
222,65,4452,12160,910,222,15
222,66,4645,11560,410,222,15
223,67,4170,9810,2235,223,15
223,68,4532,9735,1510,223,15
223,69,4225,10335,910,223,15
223,70,5085,9735,2460,223,15
223,71,4600,10335,235,223,15
223,72,3780,8510,235,223,15
223,73,4827,12160,410,223,15
223,74,3317,5310,1510,223,15
223,75,4255,12160,110,223,15
223,76,4180,10110,635,223,15
223,77,5447,10335,1510,223,15
223,78,5087,10335,2460,223,15
223,79,5365,9935,635,223,15
223,80,4340,10335,1510,223,15
223,81,3352,8510,110,223,15
223,82,5660,11635,1510,223,15
223,83,4727,10335,1860,223,15
223,84,4130,9935,235,223,15
223,85,4635,10110,910,223,15
223,86,4827,12160,35,223,15
223,87,5190,11935,635,223,15
223,88,5005,11635,2060,223,15
223,89,5277,10110,635,223,15
223,90,4812,11760,985,223,15
223,91,4042,7910,35,223,15
223,92,4280,10335,410,223,15
223,93,4415,12160,235,223,15
223,94,6185,12160,1510,223,15
223,95,3892,7535,1285,223,15
223,96,3780,12160,235,223,15
223,97,4902,8285,1935,223,15
223,98,4257,11935,1110,223,15
223,99,4910,10335,635,223,15
223,100,4790,11760,2060,223,15
223,101,3692,9935,110,223,15
223,102,3895,11560,635,223,15
223,103,5277,10335,1860,223,15
223,104,4140,9935,35,223,15
223,105,5285,11635,985,223,15
223,106,5095,10335,110,223,15
223,107,4800,9935,2235,223,15
223,108,4077,10335,910,223,15
223,109,4275,10335,110,223,15
223,110,4540,10335,635,223,15
223,111,4450,11635,635,223,15
223,112,3990,9810,635,223,15
223,113,4425,8510,1935,223,15
223,114,4345,9935,110,223,15
223,115,4797,10335,635,223,15
223,116,3625,8110,635,223,15
223,117,5732,12160,1935,223,15
223,118,4537,12160,985,223,15
223,119,5085,12160,985,223,15
223,120,4427,10335,35,223,15
224,121,4997,10335,1935,224,15
224,122,5080,10335,635,224,15
224,123,5180,12160,1935,224,15
224,124,4912,10335,910,224,15
224,125,4792,10110,910,224,15
224,126,5852,12160,635,224,15
224,127,3520,9735,35,224,15
224,128,4190,10335,410,224,15
224,129,5540,10335,1860,224,15
224,130,4980,10335,35,224,15
224,131,4287,9735,410,224,15
224,132,4242,10335,635,224,15
224,133,5067,11560,985,224,15
224,134,4625,11635,110,224,15
224,135,5372,8510,1285,224,15
224,136,4005,10335,110,224,15
224,137,4457,9735,110,224,15
224,138,4362,10335,635,224,15
224,139,4432,11560,635,224,15
224,140,4817,10335,1285,224,15
224,141,4912,11635,1510,224,15
224,142,4922,11635,35,224,15
224,143,4337,10335,635,224,15
224,144,3702,8510,35,224,15
224,145,4637,12160,635,224,15
224,146,4807,10335,110,224,15
224,147,4175,10335,910,224,15
224,148,3972,8510,635,224,15
224,149,3797,9810,35,224,15
224,150,5367,10335,985,224,15
224,151,4272,7535,35,224,15
224,152,4895,10335,635,224,15
224,153,4982,9735,1510,224,15
224,154,4730,10335,35,224,15
224,155,4635,10335,35,224,15
224,156,3900,6935,410,224,15
224,157,4337,8510,635,224,15
224,158,4807,12160,635,224,15
224,159,4330,9735,35,224,15
224,160,3800,10335,1510,224,15
224,161,5560,11935,410,224,15
224,162,4512,11560,110,224,15
224,163,4740,8510,410,224,15
224,164,4450,9810,1860,224,15
224,165,4535,10335,1860,224,15
224,166,4815,10335,1285,224,15
224,167,3607,8110,35,224,15
224,168,5730,11560,2735,224,15
224,169,4712,10335,635,224,15
224,170,4075,12160,110,224,15
224,171,5477,11935,635,224,15
224,172,4267,10335,35,224,15
224,173,4895,12160,410,224,15
224,174,5995,12160,35,224,15
224,175,5437,11760,910,224,15
224,176,4720,12160,985,224,15
224,177,4427,10335,235,224,15
224,178,4267,10335,1860,224,15
224,179,4250,12160,110,224,15
224,180,4930,10335,635,224,15
224,181,4695,9935,1510,224,15
224,182,4467,11560,635,224,15
224,183,4170,9935,410,224,15
224,184,4712,10335,35,224,15
224,185,4532,9810,985,224,15
224,186,4352,12160,410,224,15
224,187,5180,10335,1510,224,15
224,188,4257,11935,1510,224,15
224,189,5182,10335,110,224,15
224,190,3532,7535,635,224,15
224,191,5175,10335,1510,224,15
224,192,3687,8510,235,224,15
224,193,3877,10335,910,224,15
224,194,4782,10335,1860,224,15
224,195,4735,12160,635,224,15
224,196,4930,10335,1285,224,15
224,197,4460,11760,410,224,15
224,198,5260,11935,1510,224,15
224,199,5287,12160,235,224,15
224,200,5102,11635,110,224,15
224,201,4895,12160,1935,224,15
224,202,4895,10335,635,224,15
224,203,5067,10335,985,224,15
224,204,4532,10335,35,224,15
224,205,4825,10335,110,224,15
224,206,3597,8510,110,224,15
224,207,4347,11560,635,224,15
224,208,4345,10335,1110,224,15
224,209,5250,10335,985,224,15
224,210,4170,10110,110,224,15
224,211,5450,12160,1935,224,15
224,212,5025,12160,1935,224,15
224,213,3720,11635,985,224,15
224,214,3542,7535,110,224,15
224,215,5627,11560,635,224,15
224,216,4535,11760,110,224,15
224,217,5092,12160,110,224,15
224,218,5077,10110,1860,224,15
224,219,4420,7535,985,224,15
224,220,5835,12160,635,224,15
224,221,5520,12160,1860,224,15
224,222,4170,9810,1510,224,15
224,223,5157,12160,1110,224,15
224,224,5112,12160,1510,224,15
224,225,3865,5710,110,224,15
224,226,5347,11560,1285,224,15
224,227,4815,8510,1510,224,15
224,228,5452,9935,1935,224,15
224,229,5540,11935,985,224,15
224,230,4162,10335,410,224,15
224,231,4895,10335,1935,224,15
224,232,4615,12160,985,224,15
224,233,5435,10335,910,224,15
224,234,5060,11560,35,224,15
224,235,4240,11635,1510,224,15
224,236,4730,9810,635,224,15
224,237,3812,7310,910,224,15
224,238,4737,10335,35,224,15
224,239,4242,12160,35,224,15
224,240,5245,11760,635,224,15
224,241,4607,9810,985,224,15
224,242,4182,10335,35,224,15
224,243,4075,8510,1860,224,15
224,244,4445,10110,1510,224,15
224,245,4432,10335,635,224,15
224,246,5172,12160,110,224,15
224,247,4630,10335,1935,224,15
224,248,4652,10335,635,224,15
224,249,5342,10335,35,224,15
224,250,5725,12160,635,224,15
224,251,5112,10335,1510,224,15
224,252,5467,11560,2235,224,15
224,253,4257,8510,1935,224,15
224,254,5357,10335,635,224,15
224,255,5172,11635,635,224,15
224,256,5017,12160,910,224,15
224,257,5182,12160,635,224,15
224,258,4905,9810,2735,224,15
224,259,4807,12160,1510,224,15
224,260,5375,11635,2235,224,15
224,261,4635,12160,910,224,15
224,262,4610,9735,1510,224,15
224,263,5435,10335,985,224,15
224,264,5355,10335,1110,224,15
224,265,5460,10335,1935,224,15
224,266,3885,10335,635,224,15
224,267,4442,10335,635,224,15
224,268,5542,10335,910,224,15
224,269,4422,8510,2460,224,15
224,270,5110,11935,1935,224,15
224,271,5512,12160,2735,224,15
224,272,5190,11635,1860,224,15
224,273,4075,11935,635,224,15
224,274,5540,9810,2460,224,15
224,275,5430,11560,35,224,15
224,276,5087,11935,1510,224,15
224,277,4060,11560,635,224,15
224,278,4807,12160,235,224,15
224,279,4450,9810,1510,224,15
224,280,3947,10335,235,224,15
224,281,5530,10335,1935,224,15
224,282,4807,10110,635,224,15
224,283,5705,11635,35,224,15
224,284,3790,8285,35,224,15
224,285,5095,12160,635,224,15
224,286,5095,12160,1510,224,15
224,287,5450,10335,35,224,15
224,288,4832,8510,1860,224,15
224,289,4715,12160,235,224,15
224,290,4535,12160,635,224,15
224,291,4267,10335,110,224,15
224,292,4805,11635,635,224,15
224,293,4495,9735,910,224,15
224,294,5062,10335,910,224,15
224,295,3440,9735,35,224,15
224,296,5200,10335,910,224,15
224,297,5450,11560,1935,224,15
224,298,4092,11635,1510,224,15
224,299,5085,11935,1110,224,15
224,300,5617,12160,635,224,15
224,301,4282,10335,1935,224,15
224,302,4600,8510,35,224,15
224,303,5435,11760,1110,224,15
224,304,3797,8510,110,224,15
224,305,4895,11560,110,224,15
224,306,5235,10335,1510,224,15
224,307,4067,10335,910,224,15
224,308,4842,10335,110,224,15
224,309,4720,11635,235,224,15
224,310,5000,10335,410,224,15
224,311,5435,12160,2060,224,15
224,312,4787,11560,35,224,15
224,313,3797,9810,985,224,15
224,314,4617,9810,1510,224,15
224,315,4535,12160,110,224,15
224,316,4710,8110,2235,224,15
224,317,5617,12160,985,224,15
224,318,5235,10335,2460,224,15
224,319,3892,9735,410,224,15
224,320,4430,9935,110,224,15
224,321,5890,12160,35,224,15
224,322,4415,10335,985,224,15
224,323,5277,11935,985,224,15
224,324,3587,7535,635,224,15
224,325,5555,11635,2460,224,15
224,326,5442,11760,985,224,15
224,327,5642,12160,635,224,15
224,328,3885,9935,910,224,15
224,329,4077,11935,235,224,15
224,330,4815,12160,410,224,15
224,331,5635,9735,2460,224,15
224,332,4320,12160,635,224,15
224,333,4252,8510,1285,224,15
224,334,4445,10335,635,224,15
224,335,6105,12160,1510,224,15
224,336,4905,10335,635,224,15
224,337,4402,12160,910,224,15
224,338,5722,12160,1510,224,15
224,339,4160,7535,235,224,15
224,340,4987,10110,110,224,15
224,341,3985,7535,110,224,15
224,342,4737,12160,110,224,15
224,343,5627,11760,635,224,15
224,344,5835,11635,1285,224,15
224,345,4825,11560,110,224,15
224,346,5645,11935,1510,224,15
224,347,4442,10335,110,224,15
224,348,5462,12160,110,224,15
224,349,4355,10335,1510,224,15
224,350,5372,11935,110,224,15
224,351,5737,12160,1935,224,15
224,352,5940,12160,985,224,15
224,353,4800,10335,110,224,15
224,354,4790,10110,1860,224,15
224,355,4635,10335,635,224,15
224,356,4345,10110,635,224,15
224,357,4260,10335,635,224,15
224,358,4547,12160,635,224,15
224,359,3902,9810,35,224,15
224,360,3997,10335,110,224,15
224,361,5552,10335,1935,224,15
224,362,4337,9735,2235,224,15
224,363,3710,8510,235,224,15
224,364,4372,11560,110,224,15
224,365,4475,10335,110,224,15
224,366,4260,8285,635,224,15
224,367,3897,5710,1935,224,15
224,368,4347,10110,1510,224,15
224,369,5830,11935,910,224,15
224,370,4100,7985,985,224,15
224,371,5170,11760,2460,224,15
224,372,3320,7910,1510,224,15
224,373,5627,11560,635,224,15
224,374,5547,12160,1510,224,15
224,375,5565,11635,110,224,15
224,376,4775,12160,635,224,15
224,377,5190,10335,1935,224,15
224,378,4685,9935,1860,224,15
224,379,4887,11760,635,224,15
224,380,4442,12160,1110,224,15
224,381,4892,12160,235,224,15
224,382,4362,10335,1510,224,15
224,383,4235,10335,635,224,15
224,384,5162,11635,2060,224,15
224,385,4790,9735,635,224,15
224,386,5705,11760,110,224,15
224,387,5275,10335,635,224,15
224,388,4090,7310,1510,224,15
224,389,4990,10335,985,224,15
224,390,5372,12160,110,224,15
224,391,3977,7010,1510,224,15
224,392,5260,11935,235,224,15
224,393,3600,10335,235,224,15
224,394,4257,10335,35,224,15
224,395,4517,7535,235,224,15
224,396,4257,8510,110,224,15
224,397,4240,7535,2735,224,15
224,398,4260,11560,1285,224,15
224,399,5270,10335,1935,224,15
224,400,4357,10335,985,224,15
224,401,5165,10335,1860,224,15
224,402,4372,11935,35,224,15
224,403,6090,12160,1285,224,15
224,404,5742,12160,910,224,15
224,405,5630,12160,635,224,15
224,406,4875,11760,910,224,15
224,407,5180,12160,2235,224,15
224,408,5245,12160,235,224,15
224,409,5260,12160,35,224,15
224,410,4527,8510,2235,224,15
224,411,4545,10335,1860,224,15
224,412,5175,10335,1860,224,15
224,413,5002,10335,110,224,15
224,414,5375,10335,1860,224,15
224,415,3805,5710,635,224,15
224,416,4512,10335,2460,224,15
224,417,5350,10335,2060,224,15
224,418,5730,12160,1285,224,15
224,419,4792,10335,35,224,15
224,420,3812,5710,985,224,15
224,421,3317,5710,1510,224,15
224,422,6190,10335,2460,224,15
224,423,4345,9935,635,224,15
224,424,5550,12160,635,224,15
224,425,4597,10335,2460,224,15
224,426,5060,12160,2460,224,15
224,427,4722,10335,410,224,15
224,428,5262,10110,1510,224,15
224,429,3702,9935,635,224,15
224,430,4545,9735,635,224,15
224,431,4075,12160,635,224,15
224,432,5347,12160,2460,224,15
224,433,3352,8285,635,224,15
224,434,4980,10335,235,224,15
224,435,4835,10335,1285,224,15
224,436,4450,12160,1860,224,15
224,437,5260,12160,1935,224,15
224,438,4517,8510,1935,224,15
224,439,4345,7985,410,224,15
224,440,5722,12160,1860,224,15
224,441,4257,12160,1285,224,15
224,442,4775,10335,1110,224,15
224,443,4180,9810,1510,224,15
224,444,5095,12160,1510,224,15
224,445,4727,12160,110,224,15
224,446,5007,10335,635,224,15
224,447,5357,12160,35,224,15
224,448,4530,10335,910,224,15
224,449,5540,11935,235,224,15
224,450,5000,10335,110,224,15
224,451,5092,10335,1510,224,15
224,452,4180,12160,410,224,15
224,453,4085,9735,635,224,15
224,454,4240,12160,35,224,15
224,455,4425,9935,235,224,15
224,456,5905,11760,110,224,15
224,457,4807,10335,1860,224,15
224,458,5375,11560,985,224,15
224,459,5367,12160,635,224,15
224,460,4815,11635,635,224,15
224,461,3875,11635,235,224,15
224,462,3522,8510,35,224,15
224,463,4092,10335,985,224,15
224,464,4547,12160,35,224,15
224,465,4635,12160,985,224,15
224,466,4915,9935,410,224,15
224,467,5095,11560,635,224,15
224,468,4807,9935,1510,224,15
224,469,4240,8110,1110,224,15
224,470,4407,11560,910,224,15
224,471,5462,11935,235,224,15
224,472,5015,12160,110,224,15
224,473,4642,12160,110,224,15
224,474,5357,11560,910,224,15
224,475,4895,12160,1860,224,15
224,476,4615,11760,1510,224,15
224,477,3900,10335,110,224,15
224,478,4275,8285,1935,224,15
224,479,4160,7535,110,224,15
224,480,4907,10335,410,224,15
224,481,5172,10335,1285,224,15
224,482,4797,8510,2460,224,15
224,483,4145,10335,110,224,15
224,484,3805,8510,410,224,15
224,485,3987,7985,1860,224,15
224,486,4930,10335,410,224,15
224,487,4650,12160,635,224,15
224,488,4170,8510,1110,224,15
224,489,5160,10110,1110,224,15
224,490,4320,9735,910,224,15
224,491,4730,10335,110,224,15
224,492,4070,8510,1510,224,15
224,493,4172,12160,635,224,15
224,494,3145,7535,35,224,15
224,495,4972,10335,110,224,15
224,496,4712,11935,1510,224,15
224,497,5260,10335,635,224,15
224,498,5912,12160,110,224,15
224,499,4887,12160,635,224,15
224,500,5550,11635,985,224,15
224,501,4137,8510,985,224,15
224,502,4520,10335,635,224,15
224,503,5290,10335,35,224,15
224,504,4742,12160,1285,224,15
224,505,4660,10335,110,224,15
224,506,4905,12160,1510,224,15
224,507,5565,11935,2810,224,15
224,508,5377,11935,35,224,15
224,509,4260,11935,1510,224,15
224,510,4265,7310,985,224,15
224,511,5487,12160,635,224,15
224,512,4640,12160,110,224,15
224,513,4042,7985,35,224,15
224,514,4445,10335,235,224,15
224,515,3517,5710,35,224,15
224,516,4170,5710,1510,224,15
224,517,4637,11935,635,224,15
224,518,4155,9935,635,224,15
224,519,4322,10335,35,224,15
224,520,5275,12160,1285,224,15
224,521,5252,12160,635,224,15
224,522,5357,11935,1510,224,15
224,523,5325,10335,910,224,15
224,524,4450,12160,635,224,15
224,525,4705,9935,2235,224,15
224,526,3520,8285,235,224,15
224,527,4257,12160,35,224,15
224,528,4345,8510,635,224,15
224,529,3432,7535,35,224,15
224,530,4347,12160,910,224,15
224,531,4165,11935,35,224,15
224,532,5520,11635,1510,224,15
224,533,3145,7535,410,224,15
224,534,4077,8510,985,224,15
224,535,5147,10335,635,224,15
224,536,3805,7535,110,224,15
224,537,4072,7010,635,224,15
224,538,5175,12160,110,224,15
224,539,5095,10335,635,224,15
224,540,5172,11935,1110,224,15
224,541,3425,8510,35,224,15
224,542,4335,8110,635,224,15
224,543,4512,11760,1110,224,15
224,544,5625,12160,635,224,15
224,545,4147,8510,910,224,15
224,546,4870,10335,1110,224,15
224,547,5897,12160,235,224,15
224,548,4352,10335,1935,224,15
224,549,5435,12160,2935,224,15
224,550,4060,8510,635,224,15
224,551,4905,9735,635,224,15
224,552,3987,10335,635,224,15
224,553,4250,11560,110,224,15
224,554,4562,9810,1935,224,15
224,555,4617,9735,1510,224,15
224,556,4172,8510,35,224,15
224,557,3812,8510,110,224,15
224,558,5275,12160,1510,224,15
224,559,4542,10335,110,224,15
224,560,3980,8510,635,224,15
224,561,4742,12160,2235,224,15
224,562,4460,10335,635,224,15
224,563,4187,8285,635,224,15
224,564,5610,11760,1110,224,15
224,565,4505,12160,235,224,15
224,566,3717,11635,235,224,15
224,567,5190,10335,2235,224,15
224,568,4530,9935,110,224,15
224,569,4800,11935,110,224,15
224,570,3430,5710,410,224,15
224,571,4337,11760,635,224,15
224,572,4510,7535,235,224,15
224,573,5102,11635,635,224,15
224,574,4625,11935,35,224,15
224,575,4982,12160,635,224,15
224,576,5467,12160,2235,224,15
224,577,4065,7985,110,224,15
224,578,4622,10335,635,224,15
224,579,4460,10335,985,224,15
224,580,4067,12160,910,224,15
224,581,4530,8510,35,224,15
224,582,5640,10335,985,224,15
224,583,3865,7535,110,224,15
224,584,4345,9810,635,224,15
224,585,4075,8510,235,224,15
224,586,4512,10335,910,224,15
224,587,4442,9735,635,224,15
224,588,6000,11760,410,224,15
224,589,4810,11560,410,224,15
224,590,4085,10335,1510,224,15
224,591,5800,10335,2460,224,15
224,592,3622,7985,635,224,15
224,593,5270,12160,235,224,15
224,594,4530,12160,235,224,15
224,595,5260,11560,1110,224,15
224,596,4145,10335,635,224,15
224,597,3690,7010,1110,224,15
224,598,5355,11560,2235,224,15
224,599,3535,7535,1285,224,15
224,600,5060,11760,2060,224,15
224,601,5087,11760,635,224,15
224,602,4895,10335,635,224,15
224,603,6000,12160,1510,224,15
224,604,4600,12160,910,224,15
224,605,5075,12160,635,224,15
224,606,5062,12160,635,224,15
224,607,4067,9935,910,224,15
224,608,5460,12160,110,224,15
224,609,5185,10110,1860,224,15
224,610,4722,10335,110,224,15
224,611,4362,10335,635,224,15
224,612,4902,9810,235,224,15
224,613,4910,9810,2235,224,15
224,614,3822,10335,635,224,15
224,615,3450,8510,635,224,15
224,616,3787,8110,35,224,15
224,617,4410,12160,635,224,15
224,618,4642,11560,35,224,15
224,619,4537,10335,635,224,15
224,620,5077,10335,910,224,15
224,621,5720,11935,2060,224,15
224,622,5187,12160,635,224,15
224,623,5905,12160,2060,224,15
224,624,4495,9735,635,224,15
224,625,4520,9810,35,224,15
224,626,6040,12160,2235,224,15
224,627,4240,7310,2460,224,15
224,628,5122,12160,635,224,15
224,629,5000,12160,635,224,15
224,630,5052,11760,110,224,15
224,631,5437,10335,2235,224,15
224,632,4537,11760,635,224,15
224,633,4702,12160,1510,224,15
224,634,4520,9810,635,224,15
224,635,4875,10335,1860,224,15
224,636,4652,10335,35,224,15
224,637,5077,10335,110,224,15
224,638,3592,9935,635,224,15
224,639,4967,10335,235,224,15
224,640,4060,8110,235,224,15
224,641,3595,5710,1510,224,15
224,642,4625,10335,1510,224,15
224,643,4800,12160,235,224,15
224,644,3707,5710,985,224,15
224,645,5660,10335,635,224,15
224,646,4827,11935,410,224,15
224,647,4182,11635,110,224,15
224,648,5555,11935,2235,224,15
224,649,4437,10335,35,224,15
224,650,5730,12160,1285,224,15
224,651,4445,10335,35,224,15
224,652,5007,12160,110,224,15
224,653,4872,12160,910,224,15
224,654,4547,10335,110,224,15
224,655,6007,12160,110,224,15
224,656,3815,9810,110,224,15
224,657,3787,7310,110,224,15
224,658,5442,12160,635,224,15
224,659,4982,10335,2735,224,15
224,660,4997,12160,635,224,15
224,661,3350,7535,110,224,15
224,662,5080,12160,635,224,15
224,663,5017,11935,110,224,15
224,664,3232,11560,110,224,15
224,665,4520,9935,635,224,15
224,666,4825,10335,1860,224,15
224,667,4337,12160,910,224,15
224,668,3895,8510,35,224,15
224,669,4260,10335,635,224,15
224,670,5450,11935,2460,224,15
224,671,5380,10110,1935,224,15
224,672,4957,12160,910,224,15
224,673,5820,12160,1510,224,15
224,674,4512,9810,985,224,15
224,675,5445,11635,910,224,15
224,676,5270,12160,35,224,15
224,677,4617,12160,910,224,15
224,678,4912,10335,2235,224,15
224,679,4077,8285,635,224,15
224,680,4337,9935,235,224,15
224,681,4085,11635,235,224,15
224,682,4057,10335,635,224,15
224,683,4895,12160,35,224,15
224,684,4825,12160,110,224,15
224,685,3720,10335,635,224,15
224,686,4902,9810,2735,224,15
224,687,3970,7535,2460,224,15
224,688,4832,12160,635,224,15
224,689,3370,8285,110,224,15
224,690,5452,11635,635,224,15
224,691,5087,12160,235,224,15
224,692,5060,10335,1510,224,15
224,693,5225,11935,635,224,15
224,694,5355,12160,235,224,15
224,695,4425,12160,635,224,15
224,696,3722,10335,410,224,15
224,697,5357,12160,1510,224,15
224,698,4450,8510,35,224,15
224,699,3707,5710,1935,224,15
224,700,6097,12160,1935,224,15
224,701,4627,10335,235,224,15
224,702,4710,10335,985,224,15
224,703,5887,11760,1110,224,15
224,704,3327,5710,635,224,15
224,705,3430,7310,35,224,15
224,706,4265,12160,635,224,15
224,707,5207,12160,110,224,15
224,708,5547,10335,1860,224,15
224,709,5380,12160,1935,224,15
224,710,3795,5710,235,224,15
224,711,4517,11760,635,224,15
224,712,5257,9810,1935,224,15
224,713,4602,10335,35,224,15
224,714,4842,12160,110,224,15
224,715,5445,12160,635,224,15
224,716,4702,10110,2060,224,15
224,717,4555,12160,635,224,15
224,718,4215,7535,2460,224,15
224,719,4817,10335,110,224,15
224,720,4450,12160,110,224,15
224,721,4810,10335,1285,224,15
224,722,4277,8510,635,224,15
224,723,5645,12160,35,224,15
224,724,5172,12160,35,224,15
224,725,4320,9935,1110,224,15
224,726,4262,12160,35,224,15
224,727,4632,10110,1510,224,15
224,728,4432,12160,910,224,15
224,729,3612,7310,235,224,15
224,730,6202,11560,35,224,15
224,731,6357,12160,2460,224,15
224,732,4982,9935,110,224,15
224,733,4362,11935,635,224,15
224,734,5375,10335,1935,224,15
224,735,4920,10335,635,224,15
224,736,4607,11635,910,224,15
224,737,5442,10335,635,224,15
224,738,5280,11935,635,224,15
224,739,4912,12160,1510,224,15
224,740,4745,11935,635,224,15
224,741,4800,8510,1510,224,15
224,742,4355,12160,110,224,15
224,743,4452,11560,410,224,15
224,744,5070,10335,1860,224,15
224,745,4907,12160,35,224,15
224,746,3632,9810,35,224,15
224,747,4555,12160,410,224,15
224,748,3987,8510,635,224,15
224,749,5000,11635,35,224,15
224,750,4640,11635,110,224,15
224,751,6010,11760,2460,224,15
224,752,4625,9935,110,224,15
224,753,5532,10335,2460,224,15
224,754,4867,9735,2460,224,15
224,755,4802,10335,1510,224,15
224,756,5357,12160,35,224,15
224,757,4162,10110,910,224,15
224,758,3630,7535,985,224,15
224,759,3887,8510,910,224,15
224,760,5530,12160,635,224,15
224,761,4615,10335,635,224,15
224,762,4797,10110,1860,224,15
224,763,4407,10335,1510,224,15
224,764,4712,10335,1510,224,15
224,765,4282,8510,1510,224,15
224,766,4085,10335,410,224,15
224,767,4242,10335,1510,224,15
224,768,5817,12160,1860,224,15
224,769,4930,11635,410,224,15
224,770,3597,8110,635,224,15
224,771,5740,11760,635,224,15
224,772,4340,10110,35,224,15
224,773,4065,10335,635,224,15
224,774,3250,10335,235,224,15
224,775,4720,10110,35,224,15
224,776,5427,12160,910,224,15
224,777,4627,10335,1285,224,15
224,778,4345,9810,635,224,15
224,779,4967,11760,1285,224,15
224,780,4252,10335,35,224,15
224,781,4445,10335,635,224,15
224,782,5732,10335,1510,224,15
224,783,4982,10335,635,224,15
224,784,4555,10110,985,224,15
224,785,5340,11760,910,224,15
224,786,5827,12160,635,224,15
224,787,5085,12160,635,224,15
224,788,5347,12160,235,224,15
224,789,5092,10110,1510,224,15
224,790,4337,9935,910,224,15
224,791,5827,12160,1860,224,15
224,792,4807,11935,35,224,15
224,793,4025,11635,110,224,15
224,794,4057,10335,110,224,15
224,795,4557,10335,410,224,15
224,796,4380,11935,635,224,15
224,797,4197,10335,110,224,15
224,798,4922,12160,635,224,15
224,799,4197,10335,635,224,15
224,800,4257,12160,110,224,15
224,801,3900,12160,110,224,15
224,802,4327,11760,635,224,15
224,803,4692,12160,1510,224,15
224,804,5257,11635,1510,224,15
224,805,5817,11560,235,224,15
224,806,5627,12160,635,224,15
224,807,5190,10335,1860,224,15
224,808,5155,11760,235,224,15
224,809,5460,11760,110,224,15
224,810,4790,11560,635,224,15
224,811,5460,11560,1510,224,15
224,812,4537,11935,410,224,15
224,813,4252,10335,635,224,15
224,814,4270,12160,35,224,15
224,815,5725,11560,35,224,15
224,816,6160,12160,235,224,15
224,817,4475,10335,635,224,15
224,818,4975,12160,910,224,15
224,819,3717,10335,110,224,15
224,820,5295,12160,110,224,15
224,821,4790,10335,110,224,15
224,822,4600,11635,635,224,15
224,823,5070,10335,1860,224,15
224,824,4817,12160,1510,224,15
224,825,4520,9735,985,224,15
224,826,5155,10335,2460,224,15
224,827,4552,11935,1860,224,15
224,828,4257,11935,110,224,15
224,829,4600,9935,35,224,15
224,830,4930,10335,110,224,15
224,831,3545,8510,635,224,15
224,832,4790,12160,110,224,15
224,833,4537,10335,910,224,15
224,834,4327,12160,35,224,15
224,835,4152,7010,35,224,15
224,836,3370,9735,635,224,15
224,837,3987,10335,410,224,15
224,838,4792,10335,635,224,15
224,839,4170,12160,110,224,15
224,840,3145,7910,35,224,15
224,841,5737,12160,635,224,15
224,842,5470,10335,1510,224,15
224,843,4530,8285,2460,224,15
224,844,6112,12160,410,224,15
224,845,3595,7135,635,224,15
224,846,5722,11760,410,224,15
224,847,4957,9735,910,224,15
224,848,3825,10335,110,224,15
224,849,4442,12160,35,224,15
224,850,3442,10335,35,224,15
224,851,4555,12160,410,224,15
224,852,3797,9810,635,224,15
224,853,3780,10335,110,224,15
224,854,4355,9735,35,224,15
224,855,3607,10335,635,224,15
224,856,4155,12160,910,224,15
224,857,5005,11635,1510,224,15
224,858,4510,9935,1510,224,15
224,859,4252,10335,35,224,15
224,860,4535,11760,635,224,15
224,861,5067,10335,910,224,15
224,862,5445,12160,1510,224,15
224,863,5715,11560,110,224,15
224,864,4990,12160,110,224,15
224,865,5382,10110,110,224,15
224,866,4817,9735,1860,224,15
224,867,3987,11635,235,224,15
224,868,4997,12160,110,224,15
224,869,5295,11635,635,224,15
224,870,4190,8510,1285,224,15
224,871,4885,10335,635,224,15
224,872,3965,10335,635,224,15
224,873,4527,8510,1935,224,15
224,874,5547,12160,1935,224,15
224,875,4807,10335,1510,224,15
224,876,4975,10335,635,224,15
224,877,4475,10335,410,224,15
224,878,3432,11760,35,224,15
224,879,4980,12160,635,224,15
224,880,4605,7535,1860,224,15
224,881,5567,12160,35,224,15
224,882,5270,12160,1935,224,15
224,883,4972,11760,35,224,15
224,884,4240,11635,1510,224,15
224,885,4720,12160,235,224,15
224,886,4967,10335,910,224,15
224,887,4235,10335,35,224,15
224,888,4895,10335,110,224,15
224,889,3710,7985,110,224,15
224,890,4440,12160,985,224,15
224,891,3502,7310,635,224,15
224,892,3850,5710,1510,224,15
224,893,5827,11935,910,224,15
224,894,5365,12160,410,224,15
224,895,4277,12160,35,224,15
224,896,6080,12160,2460,224,15
224,897,4782,11760,635,224,15
224,898,5185,10335,635,224,15
224,899,5027,12160,110,224,15
224,900,5197,12160,2460,224,15
224,901,5165,11635,35,224,15
224,902,5025,11560,635,224,15
224,903,5167,10335,1860,224,15
224,904,5642,12160,110,224,15
224,905,4887,10335,1510,224,15
224,906,5845,12160,635,224,15
224,907,5175,11560,410,224,15
224,908,5810,11560,2735,224,15
224,909,4817,12160,635,224,15
224,910,3875,12160,110,224,15
224,911,4365,10335,985,224,15
224,912,3710,10335,985,224,15
224,913,4512,9810,2735,224,15
224,914,4172,10110,985,224,15
224,915,5535,11560,910,224,15
224,916,3980,10335,985,224,15
224,917,5070,9810,2060,224,15
224,918,4625,12160,35,224,15
224,919,4972,11560,635,224,15
224,920,6087,12160,635,224,15
224,921,5437,10335,1110,224,15
224,922,4912,10335,985,224,15
224,923,3982,11935,235,224,15
224,924,4807,10335,1510,224,15
224,925,3910,12160,635,224,15
224,926,4535,7535,1935,224,15
224,927,4722,10335,235,224,15
224,928,4645,10335,635,224,15
224,929,3310,5160,635,224,15
224,930,4967,12160,35,224,15
224,931,4092,12160,635,224,15
224,932,4642,11760,1935,224,15
224,933,3445,10335,35,224,15
224,934,4175,10335,635,224,15
224,935,4922,12160,635,224,15
224,936,5372,11560,2235,224,15
224,937,5372,10110,985,224,15
224,938,4607,9935,635,224,15
224,939,4457,11760,635,224,15
224,940,5437,11935,910,224,15
224,941,5425,12160,1510,224,15
224,942,4252,10335,985,224,15
224,943,4992,11935,1860,224,15
224,944,4895,10335,235,224,15
224,945,3997,10335,1285,224,15
224,946,5635,11935,635,224,15
224,947,4347,10335,235,224,15
224,948,4895,9735,2235,224,15
224,949,6020,10335,2460,224,15
224,950,4460,12160,635,224,15
224,951,4435,8510,235,224,15
224,952,3735,9810,410,224,15
224,953,5207,10335,110,224,15
224,954,4687,10335,910,224,15
224,955,5052,10335,1860,224,15
224,956,4372,11935,635,224,15
224,957,5712,12160,2460,224,15
224,958,3895,9935,635,224,15
224,959,4250,9735,410,224,15
224,960,4895,10110,1285,224,15
224,961,5262,12160,35,224,15
224,962,5000,10335,635,224,15
224,963,5455,12160,35,224,15
224,964,4362,9735,110,224,15
224,965,5007,11935,110,224,15
224,966,6272,12160,635,224,15
224,967,4562,10335,1935,224,15
224,968,4802,10335,635,224,15
224,969,3792,5710,635,224,15
224,970,4530,12160,410,224,15
224,971,4705,10335,35,224,15
224,972,4610,9935,35,224,15
224,973,3997,12160,635,224,15
224,974,5270,12160,910,224,15
224,975,4600,11635,1860,224,15
224,976,5475,11635,110,224,15
224,977,4807,10110,110,224,15
224,978,4520,10335,1110,224,15
224,979,4632,10110,985,224,15
224,980,4162,11935,235,224,15
224,981,5095,10335,635,224,15
224,982,5025,11935,635,224,15
224,983,4170,12160,235,224,15
224,984,3682,5710,1510,224,15
224,985,4732,10335,910,224,15
224,986,3622,7985,110,224,15
224,987,4827,10335,410,224,15
224,988,4720,12160,410,224,15
224,989,5347,11935,1510,224,15
224,990,4982,10335,985,224,15
224,991,4502,12160,1110,224,15
224,992,4257,10335,635,224,15
224,993,4050,10335,635,224,15
224,994,4440,10335,635,224,15
224,995,3437,7010,110,224,15
224,996,5080,10335,110,224,15
224,997,5380,12160,635,224,15
224,998,4172,10110,35,224,15
224,999,4967,10335,635,224,15
224,1000,4762,12160,110,224,15
224,1001,4702,11760,35,224,15
224,1002,4435,11560,35,224,15
224,1003,5260,11935,1860,224,15
224,1004,5532,11760,110,224,15
224,1005,6115,10335,2460,224,15
224,1006,4365,10335,635,224,15
224,1007,4327,10335,110,224,15
224,1008,5515,12160,635,224,15
224,1009,4727,12160,635,224,15
224,1010,4257,9810,1935,224,15
224,1011,5820,10335,1510,224,15
224,1012,4800,12160,110,224,15
224,1013,5967,10335,1860,224,15
224,1014,3962,9935,1510,224,15
224,1015,5537,10335,110,224,15
224,1016,3982,12160,35,224,15
224,1017,4265,7535,2235,224,15
224,1018,5467,12160,410,224,15
224,1019,4625,11560,110,224,15
224,1020,5172,12160,985,224,15
224,1021,5192,12160,1860,224,15
224,1022,3795,9810,110,224,15
224,1023,4340,12160,35,224,15
224,1024,4605,10335,110,224,15
224,1025,4147,11560,910,224,15
224,1026,5075,10335,1510,224,15
224,1027,4710,10335,235,224,15
224,1028,4510,10335,635,224,15
224,1029,4527,11560,2460,224,15
224,1030,4155,9810,910,224,15
224,1031,4905,10335,1510,224,15
224,1032,4712,10335,910,224,15
224,1033,4520,10335,2060,224,15
224,1034,4727,9810,1510,224,15
224,1035,4802,9735,635,224,15
224,1036,4425,12160,635,224,15
224,1037,5375,12160,1860,224,15
224,1038,4332,10335,1510,224,15
224,1039,4607,12160,35,224,15
224,1040,5365,11760,1935,224,15
224,1041,6262,11935,3335,224,15
224,1042,5105,12160,635,224,15
224,1043,5200,9810,35,224,15
224,1044,4235,9935,910,224,15
224,1045,5652,10110,985,224,15
224,1046,5342,10335,35,224,15
224,1047,4407,8510,35,224,15
224,1048,4955,12160,1110,224,15
224,1049,5607,11635,1510,224,15
224,1050,5445,12160,635,224,15
224,1051,3622,5485,2235,224,15
224,1052,4815,8510,3110,224,15
224,1053,4722,12160,35,224,15
224,1054,4067,9735,1860,224,15
224,1055,4337,11760,35,224,15
224,1056,4880,10335,635,224,15
224,1057,3777,5710,235,224,15
224,1058,4345,10110,1935,224,15
224,1059,4450,10335,1860,224,15
224,1060,3822,10110,110,224,15
224,1061,5070,10335,1860,224,15
224,1062,4405,7535,1510,224,15
224,1063,4540,10335,1285,224,15
224,1064,5077,10335,1935,224,15
224,1065,4442,12160,635,224,15
224,1066,4562,10110,985,224,15
224,1067,4625,10335,635,224,15
224,1068,4797,11760,635,224,15
224,1069,4982,12160,910,224,15
224,1070,5445,12160,1860,224,15
224,1071,4792,10335,910,224,15
224,1072,4775,12160,1510,224,15
224,1073,4632,10335,635,224,15
224,1074,4902,11935,2460,224,15
224,1075,4347,8510,110,224,15
224,1076,4367,8510,635,224,15
224,1077,5565,12160,1935,224,15
224,1078,4252,9935,1510,224,15
224,1079,6002,11760,635,224,15
224,1080,4087,9810,635,224,15
224,1081,4637,10335,1510,224,15
224,1082,5472,12160,35,224,15
224,1083,5080,11760,1510,224,15
224,1084,5355,12160,910,224,15
224,1085,4965,10335,1935,224,15
224,1086,4905,12160,35,224,15
224,1087,4260,11560,35,224,15
224,1088,6207,12160,2235,224,15
224,1089,4442,10335,1285,224,15
224,1090,5167,10335,35,224,15
224,1091,4800,11760,910,224,15
224,1092,4807,12160,1510,224,15
224,1093,4257,12160,1285,224,15
224,1094,4515,12160,35,224,15
224,1095,4807,11560,1285,224,15
224,1096,4730,11635,410,224,15
224,1097,5365,10335,1860,224,15
224,1098,5280,11635,2460,224,15
224,1099,3790,10110,35,224,15
224,1100,3702,10335,110,224,15
224,1101,5070,12160,410,224,15
224,1102,4912,9935,410,224,15
224,1103,4797,8510,2235,224,15
224,1104,4607,8285,910,224,15
224,1105,3692,5710,410,224,15
224,1106,5705,11560,1510,224,15
224,1107,5182,10335,35,224,15
224,1108,4597,8510,2060,224,15
224,1109,4465,12160,110,224,15
224,1110,4712,10335,1860,224,15
224,1111,5015,8510,1935,224,15
224,1112,4190,10110,35,224,15
224,1113,6072,10335,2460,224,15
224,1114,4745,10335,110,224,15
224,1115,4722,10335,910,224,15
224,1116,4807,10335,635,224,15
224,1117,5150,10335,35,224,15
224,1118,5250,10335,2060,224,15
224,1119,4465,10335,635,224,15
224,1120,4902,9735,2460,224,15
224,1121,4352,11760,635,224,15
224,1122,4442,10335,635,224,15
224,1123,3507,7535,35,224,15
224,1124,4042,11560,35,224,15
224,1125,5430,12160,1935,224,15
224,1126,4157,11760,1285,224,15
224,1127,5712,11560,1860,224,15
224,1128,4547,11935,635,224,15
224,1129,4800,11935,635,224,15
224,1130,4235,8110,635,224,15
224,1131,4260,9810,635,224,15
224,1132,5245,11760,1110,224,15
224,1133,6102,12160,2235,224,15
224,1134,5372,11635,635,224,15
224,1135,5720,10335,985,224,15
224,1136,3892,11635,110,224,15
224,1137,4555,12160,35,224,15
224,1138,4737,10335,1935,224,15
224,1139,3537,7910,635,224,15
224,1140,5270,12160,985,224,15
224,1141,4170,7535,635,224,15
224,1142,6010,12160,2460,224,15
224,1143,5097,10335,1285,224,15
224,1144,5367,10335,985,224,15
224,1145,5270,10335,1935,224,15
224,1146,5077,11635,635,224,15
224,1147,4322,9735,1110,224,15
224,1148,4905,11635,110,224,15
224,1149,4277,8510,1860,224,15
224,1150,5835,12160,110,224,15
224,1151,4142,7535,35,224,15
224,1152,5155,11635,35,224,15
224,1153,4650,10110,985,224,15
224,1154,5280,10110,35,224,15
224,1155,3500,7135,235,224,15
224,1156,3997,8285,910,224,15
224,1157,4720,9935,1935,224,15
224,1158,3885,10335,235,224,15
224,1159,4885,10335,985,224,15
224,1160,5112,10335,635,224,15
224,1161,5435,11560,635,224,15
224,1162,4137,8510,35,224,15
224,1163,4912,11560,635,224,15
224,1164,4637,11935,410,224,15
224,1165,3962,10335,1510,224,15
224,1166,5167,12160,35,224,15
224,1167,5102,10335,110,224,15
224,1168,4555,9810,635,224,15
224,1169,4982,10335,1510,224,15
224,1170,4165,10335,635,224,15
224,1171,5470,12160,1285,224,15
224,1172,3692,6935,635,224,15
224,1173,4730,10335,635,224,15
224,1174,5175,11635,1510,224,15
224,1175,4820,10335,410,224,15
224,1176,4050,7535,2235,224,15
224,1177,5007,10335,410,224,15
224,1178,5150,11560,910,224,15
224,1179,4267,10335,110,224,15
224,1180,3795,7535,985,224,15
224,1181,5410,9935,2460,224,15
224,1182,3910,10335,410,224,15
224,1183,5360,10335,1285,224,15
224,1184,4537,9810,635,224,15
224,1185,4807,12160,1285,224,15
224,1186,4535,9935,410,224,15
224,1187,5645,10335,2460,224,15
224,1188,4990,10335,635,224,15
224,1189,4415,10335,635,224,15
224,1190,5547,12160,110,224,15
224,1191,5540,10335,2460,224,15
224,1192,4520,10110,1110,224,15
224,1193,4192,10335,110,224,15
224,1194,4835,10335,635,224,15
224,1195,4810,10110,635,224,15
224,1196,4597,10335,1510,224,15
224,1197,5172,10335,1510,224,15
224,1198,6385,12160,635,224,15
224,1199,3432,12160,35,224,15
224,1200,5097,11560,110,224,15
224,1201,4417,8510,35,224,15
224,1202,4520,12160,910,224,15
224,1203,5172,11935,1510,224,15
224,1204,5455,10335,985,224,15
224,1205,5375,12160,410,224,15
224,1206,4445,10110,35,224,15
224,1207,5200,12160,635,224,15
224,1208,5285,10335,1860,224,15
224,1209,5102,10110,635,224,15
224,1210,3727,8285,410,224,15
224,1211,5827,11935,985,224,15
224,1212,4432,8110,635,224,15
224,1213,5375,11935,1860,224,15
224,1214,3507,7135,35,224,15
224,1215,4357,10335,985,224,15
224,1216,5340,11760,35,224,15
224,1217,5087,10335,2235,224,15
224,1218,5835,10335,1285,224,15
224,1219,4355,8510,985,224,15
224,1220,5985,12160,985,224,15
224,1221,4640,10335,635,224,15
224,1222,3647,9810,410,224,15
224,1223,4440,9810,1510,224,15
224,1224,4902,12160,235,224,15
224,1225,5475,11935,1285,224,15
224,1226,5720,12160,1510,224,15
224,1227,4917,10110,985,224,15
224,1228,4247,6935,35,224,15
224,1229,4417,11560,910,224,15
224,1230,6262,11760,2460,224,15
224,1231,4815,8510,985,224,15
224,1232,5710,9935,2460,224,15
224,1233,4805,11635,1510,224,15
224,1234,3990,10335,110,224,15
224,1235,4240,7135,1860,224,15
224,1236,4155,9810,635,224,15
224,1237,4905,9935,110,224,15
224,1238,3552,8510,235,224,15
224,1239,6252,11560,2810,224,15
224,1240,3700,9935,235,224,15
224,1241,3982,10335,635,224,15
224,1242,5172,12160,985,224,15
224,1243,3980,8510,985,224,15
224,1244,4155,12160,35,224,15
224,1245,4790,12160,910,224,15
224,1246,3797,12160,410,224,15
224,1247,4810,11935,1510,224,15
224,1248,5245,12160,1510,224,15
224,1249,4642,12160,110,224,15
224,1250,5730,12160,2735,224,15
224,1251,4537,10335,635,224,15
224,1252,5455,12160,1285,224,15
224,1253,4160,10335,110,224,15
224,1254,4882,12160,110,224,15
224,1255,4260,10335,635,224,15
224,1256,4895,12160,35,224,15
224,1257,4992,10335,910,224,15
224,1258,3247,5710,635,224,15
224,1259,4075,9935,35,224,15
224,1260,4552,12160,410,224,15
224,1261,4807,12160,1935,224,15
224,1262,4885,11760,1110,224,15
224,1263,5365,10335,985,224,15
224,1264,5007,11560,410,224,15
224,1265,4077,10335,35,224,15
224,1266,4710,9810,110,224,15
224,1267,3955,10335,1110,224,15
224,1268,4152,9935,235,224,15
224,1269,5470,10335,1860,224,15
224,1270,4715,11935,35,224,15
224,1271,4362,10110,635,224,15
224,1272,3980,8285,635,224,15
224,1273,4905,12160,910,224,15
224,1274,4345,8510,110,224,15
224,1275,4895,10335,110,224,15
224,1276,5025,10335,110,224,15
224,1277,5540,10335,1510,224,15
224,1278,6177,12160,1510,224,15
224,1279,5452,11760,110,224,15
224,1280,3815,12160,1285,224,15
224,1281,5000,10335,35,224,15
224,1282,4720,12160,985,224,15
224,1283,4170,8510,985,224,15
224,1284,4530,8510,1510,224,15
224,1285,3997,8510,635,224,15
224,1286,3345,8510,35,224,15
224,1287,5452,10335,1510,224,15
224,1288,4417,12160,235,224,15
224,1289,4457,10335,110,224,15
224,1290,4370,9935,635,224,15
224,1291,4807,12160,635,224,15
224,1292,5110,10335,110,224,15
224,1293,4902,10335,110,224,15
224,1294,4345,8510,635,224,15
224,1295,4892,11560,635,224,15
224,1296,4790,9935,2060,224,15
224,1297,5652,12160,635,224,15
224,1298,4832,10335,635,224,15
224,1299,4075,9810,635,224,15
224,1300,4710,12160,985,224,15
224,1301,5002,12160,35,224,15
224,1302,5202,10335,1510,224,15
224,1303,3777,7535,635,224,15
224,1304,4225,10335,1510,224,15
224,1305,4530,12160,635,224,15
224,1306,4060,10335,635,224,15
224,1307,4732,10335,35,224,15
224,1308,3892,10335,110,224,15
224,1309,5150,10335,1510,224,15
224,1310,5547,10335,1510,224,15
224,1311,5737,12160,2460,224,15
224,1312,5165,9935,1860,224,15
224,1313,4237,7535,35,224,15
224,1314,4687,9735,1860,224,15
224,1315,4555,8285,1510,224,15
224,1316,4972,9935,910,224,15
224,1317,5550,12160,1860,224,15
224,1318,4627,10110,2460,224,15
224,1319,5730,12160,1510,224,15
224,1320,5277,11935,1935,224,15
224,1321,4187,10110,1935,224,15
224,1322,5190,10335,635,224,15
224,1323,4982,10335,410,224,15
224,1324,5357,10335,985,224,15
224,1325,5260,12160,110,224,15
224,1326,5532,10335,1860,224,15
224,1327,4440,9735,1935,224,15
224,1328,4075,9735,635,224,15
224,1329,4635,11760,35,224,15
224,1330,4722,9735,910,224,15
224,1331,4892,10110,635,224,15
224,1332,5347,11760,1935,224,15
224,1333,5087,10335,635,224,15
224,1334,4345,10335,635,224,15
224,1335,4727,10335,635,224,15
224,1336,4067,7910,635,224,15
224,1337,4705,11635,910,224,15
224,1338,3085,10335,110,224,15
224,1339,4057,9735,235,224,15
224,1340,4320,8110,2460,224,15
224,1341,3615,5710,635,224,15
224,1342,5445,12160,1935,224,15
224,1343,4992,9735,910,224,15
224,1344,4075,10335,35,224,15
224,1345,4052,9935,35,224,15
224,1346,5365,12160,635,224,15
224,1347,4312,9935,635,224,15
224,1348,5382,10335,35,224,15
224,1349,4632,10335,635,224,15
224,1350,4622,10335,1860,224,15
224,1351,5262,11560,1935,224,15
224,1352,4617,10335,635,224,15
224,1353,4807,11560,110,224,15
224,1354,4345,12160,35,224,15
224,1355,5557,12160,110,224,15
224,1356,4615,11635,635,224,15
224,1357,4982,12160,635,224,15
224,1358,4440,10335,1510,224,15
224,1359,5425,10335,35,224,15
224,1360,4957,11560,635,224,15
224,1361,4832,12160,635,224,15
224,1362,3630,9935,110,224,15
224,1363,5015,9735,635,224,15
224,1364,4177,7010,1510,224,15
224,1365,4040,7535,1510,224,15
224,1366,4270,10335,410,224,15
224,1367,4555,10110,410,224,15
224,1368,4522,12160,110,224,15
224,1369,4367,10335,635,224,15
224,1370,4547,12160,635,224,15
224,1371,4277,11560,410,224,15
224,1372,3517,7135,410,224,15
224,1373,3772,8510,35,224,15
224,1374,3170,5185,35,224,15
224,1375,4975,9735,910,224,15
224,1376,3970,7985,635,224,15
224,1377,3612,7135,635,224,15
224,1378,4425,10335,1110,224,15
224,1379,5192,9935,1860,224,15
224,1380,5450,12160,635,224,15
224,1381,4565,10110,410,224,15
224,1382,5012,10335,635,224,15
224,1383,4065,9810,985,224,15
224,1384,5555,11935,1510,224,15
224,1385,4717,9935,1860,224,15
224,1386,5630,11560,1510,224,15
224,1387,4832,11935,1935,224,15
224,1388,4425,12160,1860,224,15
224,1389,4600,11560,1110,224,15
224,1390,5915,11935,1110,224,15
224,1391,3352,5710,1860,224,15
224,1392,4277,10335,35,224,15
224,1393,4425,10335,1110,224,15
224,1394,5157,9935,35,224,15
224,1395,3877,10335,1510,224,15
224,1396,4632,9935,110,224,15
224,1397,4982,11560,1935,224,15
224,1398,5460,12160,1510,224,15
224,1399,5162,10335,1935,224,15
224,1400,4827,9810,35,224,15
224,1401,3995,12160,110,224,15
224,1402,5172,10335,110,224,15
224,1403,4607,9935,1510,224,15
224,1404,4987,11635,2060,224,15
224,1405,4130,7985,910,224,15
224,1406,5077,10335,1510,224,15
224,1407,5280,11560,1510,224,15
224,1408,3787,9810,110,224,15
224,1409,4432,11935,635,224,15
224,1410,4077,10110,1510,224,15
224,1411,3900,12160,35,224,15
224,1412,3890,7535,410,224,15
224,1413,3055,7535,110,224,15
224,1414,4722,9735,635,224,15
224,1415,4800,12160,235,224,15
224,1416,4877,9935,985,224,15
224,1417,3700,5710,1110,224,15
224,1418,4512,12160,35,224,15
224,1419,4642,12160,635,224,15
224,1420,5442,12160,2235,224,15
224,1421,5277,12160,635,224,15
224,1422,4467,10110,1510,224,15
224,1423,3867,5710,2460,224,15
224,1424,4547,11935,635,224,15
224,1425,4172,8110,635,224,15
224,1426,3100,8510,635,224,15
224,1427,5995,11560,110,224,15
224,1428,4965,11560,110,224,15
224,1429,4512,9935,1860,224,15
224,1430,5532,10335,2460,224,15
224,1431,5702,12160,635,224,15
224,1432,4425,10335,35,224,15
224,1433,4362,10335,985,224,15
224,1434,4842,9810,110,224,15
224,1435,4790,12160,910,224,15
224,1436,5095,11560,1510,224,15
224,1437,3817,10110,110,224,15
224,1438,4915,11635,910,224,15
224,1439,5452,12160,110,224,15
224,1440,5645,12160,110,224,15
224,1441,4650,10110,110,224,15
224,1442,5372,11760,1285,224,15
224,1443,4190,11935,35,224,15
224,1444,5522,10335,1860,224,15
224,1445,4435,10335,635,224,15
224,1446,5445,12160,635,224,15
224,1447,5447,12160,35,224,15
224,1448,4722,9810,1285,224,15
224,1449,4527,9810,985,224,15
224,1450,5462,10335,35,224,15
224,1451,4712,10335,2460,224,15
224,1452,4417,10335,235,224,15
224,1453,4280,7535,410,224,15
224,1454,4982,10335,35,224,15
224,1455,5607,12160,1510,224,15
224,1456,4075,10335,110,224,15
224,1457,4432,12160,910,224,15
224,1458,5540,10335,1510,224,15
224,1459,5907,12160,35,224,15
224,1460,5525,11560,1510,224,15
224,1461,5237,11560,1110,224,15
224,1462,3952,7135,2060,224,15
224,1463,3977,5710,635,224,15
224,1464,4930,10335,1860,224,15
224,1465,4265,8110,985,224,15
224,1466,4782,11760,910,224,15
224,1467,4590,8510,1510,224,15
224,1468,6077,11935,2460,224,15
224,1469,3725,7310,410,224,15
224,1470,4442,12160,35,224,15
224,1471,5252,11760,985,224,15
224,1472,4970,12160,110,224,15
224,1473,5242,12160,35,224,15
224,1474,6192,11760,1935,224,15
224,1475,4422,10335,1510,224,15
224,1476,4632,8510,1935,224,15
224,1477,5280,12160,35,224,15
224,1478,4562,12160,985,224,15
224,1479,3430,5710,635,224,15
224,1480,4267,11635,110,224,15
224,1481,4530,10335,110,224,15
224,1482,3440,8510,635,224,15
224,1483,4082,10335,985,224,15
224,1484,3780,5710,235,224,15
224,1485,4327,9935,635,224,15
224,1486,5975,12160,635,224,15
224,1487,4680,8510,235,224,15
224,1488,5175,11760,35,224,15
224,1489,4720,11635,35,224,15
224,1490,4422,9735,635,224,15
224,1491,4342,8110,1935,224,15
224,1492,5072,12160,1510,224,15
224,1493,4172,9935,410,224,15
224,1494,5255,12160,635,224,15
224,1495,4345,11760,635,224,15
224,1496,4542,11935,910,224,15
224,1497,4520,9935,1510,224,15
224,1498,3867,7910,35,224,15
224,1499,4720,10110,1510,224,15
224,1500,4992,10335,1510,224,15
224,1501,4632,9735,1860,224,15
224,1502,4712,11935,35,224,15
224,1503,4737,12160,910,224,15
224,1504,4545,11635,110,224,15
224,1505,4140,9735,1510,224,15
224,1506,5555,12160,635,224,15
224,1507,2850,5710,35,224,15
224,1508,4815,10335,2235,224,15
224,1509,4712,10335,1860,224,15
224,1510,5347,10335,1860,224,15
224,1511,4152,10335,635,224,15
224,1512,5380,10335,1510,224,15
224,1513,5645,11935,35,224,15
224,1514,4450,10335,1285,224,15
224,1515,4572,10335,635,224,15
224,1516,4155,10335,110,224,15
224,1517,3990,8510,110,224,15
224,1518,3972,8510,110,224,15
224,1519,4920,10335,635,224,15
224,1520,3700,5710,1510,224,15
224,1521,3885,9935,985,224,15
224,1522,5287,10335,1285,224,15
224,1523,4442,10335,35,224,15
224,1524,4162,12160,1510,224,15
224,1525,4160,7985,2460,224,15
224,1526,5167,10335,1860,224,15
224,1527,4195,9810,110,224,15
224,1528,4790,9935,1510,224,15
224,1529,5095,12160,1285,224,15
224,1530,5827,12160,2235,224,15
224,1531,4710,10335,1510,224,15
224,1532,4897,12160,910,224,15
224,1533,4875,11760,235,224,15
224,1534,5082,10335,2460,224,15
224,1535,5077,11935,910,224,15
224,1536,4252,10335,635,224,15
224,1537,5625,12160,635,224,15
224,1538,3607,8510,635,224,15
224,1539,5165,10335,635,224,15
224,1540,5802,11560,35,224,15
224,1541,4425,9935,1285,224,15
224,1542,4800,10335,1860,224,15
224,1543,3867,7135,635,224,15
224,1544,4982,10335,1110,224,15
224,1545,4417,12160,1510,224,15
224,1546,5530,12160,910,224,15
224,1547,4730,10110,2235,224,15
224,1548,4827,12160,910,224,15
224,1549,4732,10110,35,224,15
224,1550,4355,10335,35,224,15
224,1551,4622,9935,110,224,15
224,1552,4972,9810,2810,224,15
224,1553,4345,9810,1285,224,15
224,1554,4555,10335,110,224,15
224,1555,4530,11560,1510,224,15
224,1556,5085,10335,2235,224,15
224,1557,3857,7535,235,224,15
224,1558,4552,10335,110,224,15
224,1559,4145,8110,35,224,15
224,1560,4095,10335,35,224,15
224,1561,3910,10335,35,224,15
224,1562,5155,11635,910,224,15
224,1563,5425,11760,35,224,15
224,1564,4422,6935,1860,224,15
224,1565,3770,5710,635,224,15
224,1566,4085,11560,110,224,15
224,1567,4600,12160,1510,224,15
224,1568,3607,7910,985,224,15
224,1569,4252,12160,410,224,15
224,1570,4747,12160,35,224,15
224,1571,4885,11560,635,224,15
224,1572,4732,10110,1510,224,15
224,1573,4982,8510,1860,224,15
224,1574,3817,10335,410,224,15
224,1575,4722,12160,235,224,15
224,1576,4502,10335,910,224,15
224,1577,3695,8510,35,224,15
224,1578,4905,10335,635,224,15
224,1579,4000,10335,35,224,15
224,1580,4432,10335,35,224,15
224,1581,4505,9935,635,224,15
224,1582,4325,12160,635,224,15
224,1583,5887,11635,1860,224,15
224,1584,4242,8510,1860,224,15
224,1585,5077,11760,1935,224,15
224,1586,5065,10335,2060,224,15
224,1587,3972,7910,110,224,15
224,1588,5157,11560,235,224,15
224,1589,4420,7010,2060,224,15
224,1590,3682,7535,1110,224,15
224,1591,4345,8510,1510,224,15
224,1592,3612,7535,985,224,15
224,1593,4412,7535,635,224,15
224,1594,5442,11760,635,224,15
224,1595,4530,12160,1285,224,15
224,1596,5060,12160,2460,224,15
224,1597,3805,8510,35,224,15
224,1598,5087,10335,635,224,15
224,1599,4260,8510,1860,224,15
224,1600,4957,8510,1860,224,15
224,1601,5147,11560,1510,224,15
224,1602,3990,12160,1510,224,15
224,1603,5697,11760,2460,224,15
224,1604,5000,11635,1510,224,15
224,1605,4187,10335,635,224,15
224,1606,4060,9735,635,224,15
224,1607,5462,12160,235,224,15
224,1608,4067,9810,35,224,15
224,1609,4782,10335,110,224,15
224,1610,4797,9935,410,224,15
224,1611,4607,11560,1935,224,15
224,1612,4782,8510,1860,224,15
224,1613,5427,12160,2735,224,15
224,1614,3895,8285,635,224,15
224,1615,4635,10335,35,224,15
224,1616,5260,11760,1510,224,15
224,1617,4357,10335,110,224,15
224,1618,4880,11635,910,224,15
224,1619,4260,10335,635,224,15
224,1620,4267,8510,1510,224,15
224,1621,5285,11935,2460,224,15
224,1622,3905,10110,410,224,15
224,1623,4712,10335,635,224,15
224,1624,4905,12160,635,224,15
224,1625,5147,12160,2060,224,15
224,1626,5565,10335,2460,224,15
224,1627,4047,5710,2060,224,15
224,1628,5620,11760,910,224,15
224,1629,5530,10335,635,224,15
224,1630,4990,12160,1510,224,15
224,1631,4162,10335,1510,224,15
224,1632,4227,9735,910,224,15
224,1633,4430,8510,1935,224,15
224,1634,5070,10335,1860,224,15
224,1635,4645,9735,1510,224,15
224,1636,4530,8510,985,224,15
224,1637,5445,12160,1510,224,15
224,1638,5080,11760,1510,224,15
224,1639,5187,10335,1510,224,15
224,1640,4930,12160,410,224,15
224,1641,4607,8285,985,224,15
224,1642,4337,7910,635,224,15
224,1643,4642,11560,635,224,15
224,1644,5197,10335,35,224,15
224,1645,3955,7910,635,224,15
224,1646,5182,12160,635,224,15
224,1647,4337,11760,110,224,15
224,1648,5620,12160,1510,224,15
224,1649,4267,10335,1860,224,15
224,1650,4355,10110,1860,224,15
224,1651,3972,12160,110,224,15
224,1652,4615,10335,1285,224,15
224,1653,3185,5710,635,224,15
224,1654,5060,9810,1860,224,15
224,1655,4165,10335,635,224,15
224,1656,5365,10335,635,224,15
224,1657,4722,10335,410,224,15
224,1658,4335,7535,110,224,15
224,1659,4372,10110,110,224,15
224,1660,4555,11635,635,224,15
224,1661,3892,10335,35,224,15
224,1662,4337,11935,1860,224,15
224,1663,4257,10335,35,224,15
224,1664,4342,8510,1935,224,15
224,1665,5542,12160,110,224,15
224,1666,4260,10335,235,224,15
224,1667,5377,12160,35,224,15
224,1668,4822,10335,635,224,15
224,1669,5187,11635,635,224,15
224,1670,4895,12160,1860,224,15
224,1671,4440,12160,1510,224,15
224,1672,5095,11560,410,224,15
224,1673,3710,10335,635,224,15
224,1674,3725,5485,985,224,15
224,1675,5270,10335,985,224,15
224,1676,4905,10335,635,224,15
224,1677,5547,11760,635,224,15
224,1678,5280,10335,410,224,15
224,1679,4712,9735,1510,224,15
224,1680,4232,12160,635,224,15
224,1681,4187,7985,110,224,15
224,1682,5827,11760,635,224,15
224,1683,4902,10110,35,224,15
224,1684,3972,10335,1285,224,15
224,1685,4902,11635,985,224,15
224,1686,3780,8510,910,224,15
224,1687,5452,10335,110,224,15
224,1688,4705,10335,35,224,15
224,1689,4235,10335,35,224,15
224,1690,4270,10335,635,224,15
224,1691,4727,9810,410,224,15
224,1692,4712,10335,635,224,15
224,1693,4825,12160,35,224,15
224,1694,4545,12160,635,224,15
224,1695,4740,9810,35,224,15
224,1696,4362,10335,985,224,15
224,1697,4975,10335,985,224,15
224,1698,5217,10335,635,224,15
224,1699,4077,10335,410,224,15
224,1700,5432,10335,2060,224,15
224,1701,5070,10335,1110,224,15
224,1702,4440,10335,985,224,15
224,1703,4617,10335,635,224,15
224,1704,5000,10335,35,224,15
224,1705,5382,12160,1860,224,15
224,1706,4712,11760,910,224,15
224,1707,5277,12160,1510,224,15
224,1708,4437,10335,635,224,15
224,1709,5470,10335,1860,224,15
224,1710,4617,9735,635,224,15
224,1711,4520,12160,35,224,15
224,1712,3990,9810,635,224,15
224,1713,4630,11760,1510,224,15
224,1714,4687,10335,35,224,15
224,1715,4350,10335,35,224,15
224,1716,5262,10335,1510,224,15
224,1717,4060,8110,1285,224,15
224,1718,5182,12160,2460,224,15
224,1719,5527,10335,635,224,15
224,1720,4507,7535,2060,224,15
224,1721,5167,10110,35,224,15
224,1722,3885,7535,910,224,15
224,1723,4710,12160,635,224,15
224,1724,4702,12160,35,224,15
224,1725,5922,11635,2460,224,15
224,1726,4162,9735,410,224,15
224,1727,5810,12160,635,224,15
224,1728,3717,7535,635,224,15
224,1729,4805,12160,1510,224,15
224,1730,5172,8510,2810,224,15
224,1731,4635,10335,1860,224,15
224,1732,4635,10110,410,224,15
224,1733,5157,11760,910,224,15
224,1734,3440,10335,410,224,15
224,1735,3955,10335,35,224,15
224,1736,4615,9810,2060,224,15
224,1737,4632,11560,635,224,15
224,1738,4252,8510,910,224,15
224,1739,5292,10110,2460,224,15
224,1740,4182,10335,985,224,15
224,1741,4712,8510,2460,224,15
224,1742,3895,9735,410,224,15
224,1743,4727,9735,1285,224,15
224,1744,4262,9735,910,224,15
224,1745,4337,9935,635,224,15
224,1746,4337,10335,635,224,15
224,1747,4042,9735,1860,224,15
224,1748,4700,10335,985,224,15
224,1749,4990,10335,110,224,15
224,1750,5557,11760,635,224,15
224,1751,4005,10335,635,224,15
224,1752,3677,8110,985,224,15
224,1753,5547,10335,985,224,15
224,1754,4447,7985,110,224,15
224,1755,4362,10335,35,224,15
224,1756,3547,10335,110,224,15
224,1757,4800,11935,635,224,15
224,1758,5442,10335,2460,224,15
224,1759,5697,11760,635,224,15
224,1760,4130,9735,910,224,15
224,1761,5452,11560,2735,224,15
224,1762,4805,10335,635,224,15
224,1763,3862,8510,1110,224,15
224,1764,5087,10335,1510,224,15
224,1765,4805,11760,2460,224,15
224,1766,5175,10335,635,224,15
224,1767,3040,7135,35,224,15
224,1768,3980,8510,635,224,15
224,1769,5087,12160,410,224,15
224,1770,3675,7535,1860,224,15
224,1771,4330,11560,910,224,15
224,1772,5260,11560,985,224,15
224,1773,5650,11560,1935,224,15
224,1774,5077,12160,985,224,15
224,1775,4730,10110,2235,224,15
224,1776,5572,12160,410,224,15
224,1777,3885,12160,35,224,15
224,1778,4172,12160,235,224,15
224,1779,4260,12160,2235,224,15
224,1780,4695,12160,635,224,15
224,1781,3867,8110,635,224,15
224,1782,4260,11560,110,224,15
224,1783,5905,10335,2060,224,15
224,1784,5185,12160,1510,224,15
224,1785,5245,12160,635,224,15
224,1786,5095,11935,985,224,15
224,1787,4657,9810,1860,224,15
224,1788,3980,7910,1510,224,15
224,1789,5077,12160,35,224,15
224,1790,4992,10335,35,224,15
224,1791,3970,12160,110,224,15
224,1792,4905,10335,110,224,15
224,1793,4825,12160,410,224,15
224,1794,5075,12160,110,224,15
224,1795,4190,11635,35,224,15
224,1796,5460,10335,635,224,15
224,1797,5452,10335,1935,224,15
224,1798,5245,10335,1110,224,15
224,1799,4255,7535,35,224,15
224,1800,5827,12160,1510,224,15
224,1801,3425,10110,35,224,15
224,1802,5017,10110,110,224,15
224,1803,5610,11635,2460,224,15
224,1804,4990,10335,635,224,15
224,1805,5740,10335,2460,224,15
224,1806,5922,12160,910,224,15
224,1807,5265,9935,35,224,15
224,1808,4152,10335,110,224,15
224,1809,4615,12160,110,224,15
224,1810,4607,12160,35,224,15
224,1811,3612,9935,110,224,15
224,1812,2727,8510,410,224,15
224,1813,4720,8510,1860,224,15
224,1814,4795,10335,2460,224,15
224,1815,3867,9935,35,224,15
224,1816,4807,12160,635,224,15
224,1817,5432,11760,635,224,15
224,1818,4440,9735,1935,224,15
224,1819,4057,12160,235,224,15
224,1820,4632,12160,110,224,15
224,1821,5347,11560,2060,224,15
224,1822,3805,10110,985,224,15
224,1823,4710,9935,1510,224,15
224,1824,4475,8510,635,224,15
224,1825,5095,10335,985,224,15
224,1826,4512,10110,1510,224,15
224,1827,5095,10335,635,224,15
224,1828,4162,10335,410,224,15
224,1829,5182,12160,1285,224,15
224,1830,5390,12160,410,224,15
224,1831,5077,10335,1935,224,15
224,1832,4090,11935,110,224,15
224,1833,4130,8510,910,224,15
224,1834,3975,8510,35,224,15
224,1835,4720,12160,635,224,15
224,1836,5052,11760,1510,224,15
224,1837,3622,7535,1510,224,15
224,1838,4560,12160,635,224,15
224,1839,5730,12160,2460,224,15
224,1840,5620,10335,1860,224,15
224,1841,4895,10335,35,224,15
224,1842,3797,11560,110,224,15
224,1843,4015,10335,110,224,15
224,1844,5610,12160,1860,224,15
224,1845,3800,10335,910,224,15
224,1846,5567,12160,635,224,15
224,1847,5355,10335,1510,224,15
224,1848,6550,12160,2235,224,15
224,1849,4187,10110,110,224,15
224,1850,4812,10335,2235,224,15
224,1851,4545,10335,1860,224,15
224,1852,4547,10335,1510,224,15
224,1853,5992,11560,2060,224,15
224,1854,5080,11760,635,224,15
224,1855,5627,12160,635,224,15
224,1856,4240,7985,110,224,15
224,1857,4082,9810,410,224,15
224,1858,4340,10335,910,224,15
224,1859,4075,8110,635,224,15
224,1860,4232,9735,2460,224,15
224,1861,4345,7535,910,224,15
224,1862,4825,12160,635,224,15
224,1863,4512,10335,985,224,15
224,1864,4870,12160,1510,224,15
224,1865,3720,11935,110,224,15
224,1866,4337,10335,635,224,15
224,1867,5707,9935,1860,224,15
224,1868,4897,10335,1510,224,15
224,1869,5250,12160,110,224,15
224,1870,6097,12160,1935,224,15
224,1871,4242,8110,1860,224,15
224,1872,5092,12160,410,224,15
224,1873,4805,9935,985,224,15
224,1874,5445,10335,2060,224,15
224,1875,5007,9735,1860,224,15
224,1876,4980,10335,235,224,15
224,1877,4892,12160,1510,224,15
224,1878,5337,12160,110,224,15
224,1879,4905,12160,410,224,15
224,1880,4815,12160,1510,224,15
224,1881,5630,12160,910,224,15
224,1882,5832,11935,2460,224,15
224,1883,4842,11635,410,224,15
224,1884,4432,11635,110,224,15
224,1885,4512,10335,985,224,15
224,1886,4822,11635,1510,224,15
224,1887,3642,9735,110,224,15
224,1888,4920,9735,985,224,15
224,1889,4435,10110,910,224,15
224,1890,6007,12160,1860,224,15
224,1891,5085,9810,635,224,15
224,1892,4547,10335,985,224,15
224,1893,5740,12160,1935,224,15
224,1894,4085,8510,110,224,15
224,1895,4632,12160,635,224,15
224,1896,4137,12160,35,224,15
224,1897,5015,10335,2460,224,15
224,1898,4430,8110,1510,224,15
224,1899,4147,9935,910,224,15
224,1900,4435,9810,635,224,15
224,1901,5095,12160,1860,224,15
224,1902,6000,11760,1510,224,15
224,1903,4712,10335,635,224,15
224,1904,4537,11635,635,224,15
224,1905,4312,11560,1110,224,15
224,1906,4432,10335,110,224,15
224,1907,4145,10335,635,224,15
224,1908,5442,12160,1110,224,15
224,1909,3907,10335,110,224,15
224,1910,5147,11560,1860,224,15
224,1911,5150,11760,635,224,15
224,1912,5272,12160,1935,224,15
224,1913,4522,10335,985,224,15
224,1914,4345,8110,1860,224,15
224,1915,4517,10335,110,224,15
224,1916,2842,5710,910,224,15
224,1917,5627,12160,1510,224,15
224,1918,3630,7985,635,224,15
224,1919,3710,8110,635,224,15
224,1920,4372,10335,985,224,15
224,1921,4432,10335,985,224,15
224,1922,4807,11560,1510,224,15
224,1923,4727,10335,1935,224,15
224,1924,4155,10335,110,224,15
224,1925,4835,12160,35,224,15
224,1926,4992,10335,410,224,15
224,1927,5270,12160,910,224,15
224,1928,4270,9810,1510,224,15
224,1929,5532,10335,1510,224,15
224,1930,6262,12160,1935,224,15
224,1931,5287,12160,985,224,15
224,1932,4825,12160,635,224,15
224,1933,4432,10110,1860,224,15
224,1934,4965,9935,985,224,15
224,1935,4267,9735,985,224,15
224,1936,4790,11560,1860,224,15
224,1937,4540,10335,635,224,15
224,1938,4710,9810,2460,224,15
224,1939,4630,12160,1935,224,15
224,1940,4450,12160,635,224,15
224,1941,4417,9735,1860,224,15
224,1942,4067,9810,1110,224,15
224,1943,3980,8510,635,224,15
224,1944,6452,12160,1510,224,15
224,1945,3987,10110,110,224,15
224,1946,4782,12160,635,224,15
224,1947,4345,9810,635,224,15
224,1948,5182,10335,635,224,15
224,1949,4807,12160,985,224,15
224,1950,4982,10335,1935,224,15
224,1951,4442,10335,35,224,15
224,1952,4727,11560,985,224,15
224,1953,5157,11760,35,224,15
224,1954,5000,11560,635,224,15
224,1955,4267,11935,635,224,15
224,1956,4067,9810,635,224,15
224,1957,4930,12160,110,224,15
224,1958,4630,10335,1935,224,15
224,1959,3415,8110,235,224,15
224,1960,4250,12160,985,224,15
224,1961,5740,12160,410,224,15
224,1962,5007,10335,35,224,15
224,1963,6550,12160,1860,224,15
224,1964,4432,9735,2235,224,15
224,1965,4422,12160,1860,224,15
224,1966,5365,10110,1510,224,15
224,1967,5627,12160,35,224,15
224,1968,4360,11635,110,224,15
224,1969,3995,7535,110,224,15
224,1970,5180,10335,1935,224,15
224,1971,4730,12160,910,224,15
224,1972,4560,11635,635,224,15
224,1973,5462,10335,1510,224,15
224,1974,3980,12160,35,224,15
224,1975,4650,10335,1935,224,15
224,1976,5367,10335,35,224,15
224,1977,4187,11635,35,224,15
224,1978,3595,7535,235,224,15
224,1979,5077,11560,1935,224,15
224,1980,4235,10335,635,224,15
224,1981,4622,10335,1110,224,15
224,1982,4702,10335,1935,224,15
224,1983,5080,9935,635,224,15
224,1984,4280,10110,1285,224,15
224,1985,5357,11635,635,224,15
224,1986,5625,11560,2935,224,15
224,1987,4265,8510,1285,224,15
224,1988,5457,10335,235,224,15
224,1989,4335,9810,1860,224,15
224,1990,5332,10335,235,224,15
224,1991,4165,12160,1510,224,15
224,1992,5015,9810,985,224,15
224,1993,5337,12160,2460,224,15
224,1994,4145,11760,635,224,15
224,1995,3717,12160,635,224,15
224,1996,4832,11935,1935,224,15
224,1997,4082,5485,1935,224,15
224,1998,4787,8510,2460,224,15
224,1999,4880,10335,1110,224,15
